base_url,link_uuid,visible_label,questionnaire_id,license_id,owner_id,expiry,data_label,tags,record_label
http://drt-test.canadacentral.cloudapp.azure.com,77170151-053b-4461-9849-e4c18968f654,"Prototype1 2024 harvest farm B (alt expiry)",questionnaire1_SAID,TODO-license_ID,71ga39pq,2025-07-30,prototype1,"2024harvest, farmB",prototype1-24-B
http://drt-test.canadacentral.cloudapp.azure.com,e540b3a9-b26e-435f-aff4-19bfa23a21cb,"Prototype1 2023 Farm A Cow Data",EBp7ZkmFyjyP0mFlvM-9i_RaJLCH06vo3XbzPOb_KwKY,l-001-test,92md42wd,2026-08-30,prototype1,"2023, farmA, cow",prototype1-23-A-cow
http://drt-test.canadacentral.cloudapp.azure.com,8ce1026c-e41c-4a03-a0a1-ede1a1630e5e,"Prototype1 2023 Farm B Pig Data",EBp7ZkmFyjyP0mFlvM-9i_RaJLCH06vo3XbzPOb_KwKY,l-001-test,92md42wd,2026-08-18,prototype1,"2023, farmB, pig",prototype1-23-B-pig
http://drt-test.canadacentral.cloudapp.azure.com,14ca6112-935e-4c9c-91ea-f6f92bfffe33,"Prototype2 2023 Farm A Cow Data",EKLMb4yhy6y1zOw9108N-N3I1Xy60Ccv4R-aJffn1c5V,l-002-test,92md42wd,2026-08-30,prototype2,"2023, farmA, cow",prototype2-23-A-cow
http://drt-test.canadacentral.cloudapp.azure.com,3ef65781-f2ed-4a4e-a7bb-d85d21e79ae4,"Prototype2 2023 Farm B Pig Data",EKLMb4yhy6y1zOw9108N-N3I1Xy60Ccv4R-aJffn1c5V,l-002-test,92md42wd,2026-08-18,prototype2,"2023, farmB, pig",prototype2-23-B-pig
http://drt-test.canadacentral.cloudapp.azure.com,fd603604-8934-4282-892b-87a1fe1f8dc8,"Prototype3 2023 Farm B Pig Data",EEvoW5wZMFLWJNB1Qu_0tosBmFAQleoWF-VTFiJnnSuz,l-002-test,92md42wd,2026-08-18,prototype3,"2023, farmB, pig",prototype3-23-B-pig
http://drt-test.canadacentral.cloudapp.azure.com,36681bc2-0654-4a06-8a38-8d829298d8ee,"Prototype4 2023 Farm B Pig Data",EOuPm5G8zb5M2RrIa87yHEwhWqWJdHb8GmfC4eRpi-E2,l-002-test,92md42wd,2026-08-18,prototype4,"2023, farmB, pig",prototype4-23-B-pig
http://drt-test.canadacentral.cloudapp.azure.com,75cb9450-01af-40b2-9cd5-e7fb0d82b59d,"Basic Data Request",EKwwo0ojFOyZGK10QhgKK-xo1axX2xl1aSs8_8yD-fK3,ECgkXgYg_5GM6Jnj6t3zzlz3uVmMtfJ9B2KcyjZDPTIs,92md42wd,2026-11-18,basic_data_request,"2026, basic_data_request",basic_data_request_26
http://drt-test.canadacentral.cloudapp.azure.com,b5c921ba-7108-44bf-9870-9e4126cd8f9a,"Detailed Data Request",ELnZzkrlS0DHSfpvqktohJwIEk1CMCfrVqu9qOqCcDMs,ENAx1NnG0DBqj5Dwk0Ccmb3rvxsBX-kx7_pMNW1P5_3g,92md42wd,2026-11-18,detailed_data_request,"2026, detailed_data_request",detailed_data_request_26
